MinTemp,MaxTemp,Rainfall,WindGustSpeed,WindSpeed9am,WindSpeed3pm,Humidity9am,Humidity3pm,Pressure9am,Pressure3pm,Temp9am,Temp3pm,RainToday
12.9,25.7,0,46,19,26,38,30,1007.6,1008.7,21,23.2,0
9.2,28,0,24,11,9,45,16,1017.6,1012.8,18.1,26.5,0
14.3,25,0,50,20,24,49,19,1009.6,1008.2,18.1,24.6,0
9.7,31.9,0,80,7,28,42,9,1008.9,1003.6,18.3,30.2,0
15.9,18.6,15.6,61,28,28,76,93,994.3,993,17.4,15.8,1
11.5,29.3,0,24,9,9,56,28,1019.3,1014.8,19.1,27.3,0
16.2,33.9,0,35,9,13,45,19,1010.9,1007.6,23.2,33,0
12,24.4,0.8,39,17,17,48,28,1006.1,1005.1,16.9,22.7,0
11.3,26.5,0,56,19,31,46,26,1004.5,1003.2,19.7,25.7,0
12.9,35.8,0,41,6,26,41,9,1012.6,1009.2,22.4,34.4,0
13.7,37.9,0,52,4,26,33,8,1010.9,1006.7,23.1,36.8,0
16.9,32,0,31,13,17,52,31,1009.9,1006.8,22.8,30,0
17.4,43,0,39,7,17,40,8,1011.6,1006.9,25.6,41.5,0
10.5,28.4,0,33,19,11,35,16,1019.7,1017.4,16,25.8,0
13.9,36.6,0,39,2,15,39,10,1015.8,1010.6,22,34.4,0
19.3,38.1,0.8,61,15,17,48,17,1009.6,1005.9,27.3,36.1,0
24.4,34,0.6,98,26,48,60,39,1005.3,997.8,26.1,33.1,0
18.5,38.2,0,31,9,17,48,25,1017.8,1014.1,25.8,36.2,0
20.4,40.7,0,37,7,13,45,15,1014.9,1011.6,28.2,39.2,0
22.3,42.9,0,28,9,11,37,11,1014.6,1010.2,29.2,41.2,0
21.5,37.7,0,,13,9,51,21,1009.2,1005.7,27.2,36.2,0
21.5,41.2,0,35,7,19,48,15,1005.9,1002.6,26.5,39.7,0
18.4,31.2,0.4,37,7,11,66,31,1009.3,1007.8,18.7,29.4,0
16.1,21.6,0,46,11,15,58,69,1017,1017.3,17,17.3,0
13.3,31.3,0,41,7,15,50,23,1016.2,1012.8,19.2,29.2,0
12.5,28.8,0,31,7,11,46,17,1017.2,1013.5,18,27,0
8.9,31.9,0,43,0,17,49,16,1016.6,1013.4,15,29.3,0
16,34.5,0,44,6,,44,14,1007.5,1004.6,22.2,33.6,0
13.8,22.1,0.2,57,26,33,57,26,1014.5,1013.1,15.6,21.9,0
15.5,32,0,50,2,4,51,25,1019.5,1016.2,20.1,30.8,0
10,19.7,11.6,39,11,17,62,41,1013.4,1012,12.7,18.3,1
11.5,33.5,0,22,7,7,50,13,1016.5,1013.6,17.4,32.6,0
10.8,31.9,0,48,6,20,62,20,1016.5,1014.4,15.4,30.7,0
14.3,32.1,0,28,0,11,59,30,1022.6,1018.4,18.4,30.9,0
10.7,21.4,12.6,43,0,13,60,33,1019.8,1019.3,13.9,20.3,1
13.5,24.2,6.2,20,0,6,88,52,1024.1,1020.8,15.4,23.1,1
10.7,21.9,0,63,26,31,44,27,1008.2,1009.8,20.5,18.9,0
7,23.4,0,24,2,17,73,37,1022.8,1019.3,12.4,22.9,0
6.2,22.7,0,17,0,7,73,33,1026,1021.6,11.2,22.3,0
1.8,17,0,19,0,7,77,44,1026,1023.2,7.2,16.3,0
3.2,18.4,0,20,6,11,86,49,1026.2,1023.6,8.3,18.2,0
6.9,16.3,0,35,17,19,77,59,1015.3,1013.1,10.3,15.3,0
12.4,16.4,1.8,52,22,24,82,54,1011.8,1013.4,13,14.5,1
3.7,19.1,0,19,0,11,87,51,1023.6,1019.9,7.4,18.9,0
6.7,21.1,0,20,0,11,69,43,1025,1022.1,12.5,20.8,0
9.3,20.3,0,31,9,22,77,50,1024.6,1019.7,11.6,19.5,0
1.7,17.1,0,44,0,9,73,46,1034.1,1029.9,8,16.8,0
8,14.3,1.2,13,0,0,88,75,1031.9,1029.2,9.2,14,1
10.6,14.3,4.8,13,6,9,85,97,1023.5,1020.4,12.4,13,1
4.7,12.2,0,24,2,13,99,75,1015.5,1012.7,6.9,11.6,0
6.9,13.7,4.4,46,7,9,99,73,1011.6,1008.1,8.4,13,1
3.4,12.4,0,31,9,15,80,56,1019.9,1019,7,12,0
-1.5,12.5,0,19,0,7,91,46,1026,1024.6,2.4,12.4,0
-1.7,13.8,0,17,0,7,84,54,1030.4,1028.1,3.3,12.4,0
-0.4,15,0.2,13,0,7,84,54,1032,1028.6,3.8,14.3,0
4.8,13.3,0.6,24,0,13,96,63,1020.5,1015.6,8.1,13.2,0
8.1,16.5,0.6,33,7,19,77,53,1010.4,1007.7,11.6,15.4,0
2.9,12.6,1.8,22,4,0,99,57,1010.5,1009.9,5.9,12.5,1
-0.6,13.4,0,24,0,9,95,57,1015.6,1014.5,3.8,12.8,0
3.6,16.5,0.2,39,0,19,95,53,1023.1,1018.4,7.1,16.3,0
6.6,12.3,0,44,7,20,74,81,1009.5,1006.2,11.3,10.2,0
4.2,12.7,3.8,31,11,11,89,71,1024,1023.1,8.8,12,1
3.3,12.1,0.2,22,0,9,99,76,1025.8,1022.7,6.5,12,0
-0.8,12.9,4.2,24,6,6,78,50,1026.4,1023,4.4,12.3,1
1.9,14.8,0.2,20,4,11,72,60,1018.6,1014.7,5.9,12.6,0
2.7,17.5,0.2,24,7,13,99,57,1021.2,1016.8,6.7,17,0
0.6,15.6,0,15,0,6,85,58,1029.8,1027.2,6,14.4,0
8.9,17.1,1.2,63,26,22,68,52,1004.1,1001,13.2,16.4,1
7.2,17.9,4.2,59,20,19,81,80,1002.6,996.9,13,17.5,1
6.7,14.2,1.4,39,19,22,90,72,1018.9,1016.8,9.7,13.9,1
5.1,14.2,3,24,7,15,96,58,1023.2,1021.7,9.7,12.5,1
6.1,20.7,0,43,4,24,80,54,1016.6,1010.8,10.2,20.3,0
8.3,17.6,0,41,9,30,73,53,1005,1002.7,13.9,16.5,0
6.5,24.7,0,39,6,22,70,39,1020,1015.4,13.2,24,0
8,18.9,0.4,33,0,20,79,50,1014.6,1013.7,14.3,16.8,0
3.7,19,0.2,43,9,15,73,50,1014.5,1008.2,11.5,18.3,0
11.5,20.2,8.4,50,17,13,77,55,1002.6,999.2,15.5,19.2,1
5.3,20.6,0,44,22,13,60,57,1009.3,1002.9,15.2,17.3,0
6.8,12.2,6,56,37,24,79,72,1005.2,1003.9,7.9,11.1,1
4.5,12.9,1.6,61,35,37,78,72,1009.8,1008.4,6.7,10.7,1
5.5,17.9,0,43,17,24,79,56,1012.3,1009.9,9.2,16.8,0
4,21.4,0,35,7,17,75,36,1018,1013.4,11.3,20.9,0
11.7,22,0,30,4,11,68,55,1009.6,1004.9,16.1,20.6,0
3.2,18.2,0,33,11,9,63,39,1027.7,1025.7,11.8,17.8,0
4.6,19,0,22,17,9,55,36,1029.5,1025.7,11.2,17.3,0
4.1,16.6,6.8,39,15,19,77,56,1016,1016.2,8.8,14.9,1
7.4,25.4,0,30,9,13,68,28,1019.5,1016.2,14.7,24.8,0
10.6,23.1,0,63,2,13,68,34,1014.7,1013,14.4,21.3,0
5.9,24.1,0,26,7,9,64,43,1027.5,1023.1,12.9,23.4,0
11.3,26.8,0,19,4,9,67,41,1025.4,1020.9,17.9,25.8,0
18.7,24.3,0,46,24,20,46,39,1009.8,1011.9,24.2,21.9,0
6.6,25.3,0,44,7,26,67,28,1020.5,1017.3,14,25.3,0
11.3,29.8,0,22,6,15,57,27,1028.5,1025.3,19.2,28.9,0
13.5,31.8,0,28,4,9,55,29,1029.1,1024.8,21,30.3,0
11.4,33.5,0,24,9,9,53,18,1010,1007.1,21,32.7,0
19.3,21,10.6,37,9,9,95,91,1010.8,1009,19.7,20.8,1
18.3,28.3,25.8,61,0,46,98,67,1003.7,1003.5,19.2,25.6,1
13.2,23.9,2.4,50,9,24,82,35,1010.3,1009.3,15.9,23.6,1
13.4,31.9,0,39,6,28,47,19,1012.3,1009,21.2,30.6,0
9,26.5,0,39,4,15,52,31,1019.2,1016.1,17,26,0
11.8,29.6,0,43,2,24,52,27,1017.6,1015,19.5,28.9,0
13.1,34.7,0,28,7,19,51,22,1019.4,1015.4,22.1,32.5,0
12,31.3,0,31,7,7,52,21,1018.1,1013.7,20.8,30.4,0
17.8,35.9,0,33,6,11,58,23,1015.2,1012.6,24.4,34.1,0
18.6,29.1,12.4,56,6,28,88,48,1007.8,1006.2,20.6,28,1
20.6,42.2,0,41,9,15,38,8,1015.4,1011.2,27.8,41.2,0
16.8,25.6,0,57,20,35,51,24,1006.9,1005.5,18,24.1,0
15.1,35.9,0,39,0,17,35,10,1010,1008.5,22.9,34.4,0
16,35.2,0,35,2,7,46,14,1009,1007.7,23.1,33.9,0
21.7,36.3,0,44,22,15,39,16,1014.2,1009.7,26.6,34.7,0
23.5,32,0,44,19,,51,44,1010.8,1006.2,26.3,31.1,0
19.5,30.3,5.6,43,20,22,55,38,1016.4,1015.7,22.6,30.1,1
20.3,33.9,0,37,19,6,53,32,1020.8,1017.5,23.2,32.6,0
17.6,29,0,31,19,13,48,34,1014.7,1013.3,20.6,27.2,0
20.2,26.4,3.6,46,4,9,83,70,1014.6,1011.9,21.3,24.2,1
18.2,29.3,1.4,39,0,20,84,45,1016.7,1013.6,19.9,28.5,1
12.5,31.2,0,19,0,4,61,26,1018.6,1014.2,17.8,28.9,0
18.8,30.3,20.6,39,9,7,87,48,1010,1009,22.3,29.4,1
15.7,22.4,6.2,46,20,17,90,67,1014.4,1015.9,16.3,19,1
12.5,28.6,0,46,0,4,73,28,1023.8,1021,16.1,28.1,0
15.1,30.4,0,48,2,9,73,36,1025.4,1022.2,18.9,29.7,0
16.8,25.6,0,44,0,24,78,46,1018.7,1017.7,20.2,24.7,0
12.6,30,0,24,0,11,80,32,1019.2,1016.4,15.8,29.1,0
13.5,23.1,3.2,46,13,20,84,53,1016.7,1015.3,17.5,23,1
14.2,18.7,7,57,17,35,86,43,1010.1,1010.2,15.9,17.8,1
5.6,17.4,0,41,19,24,71,54,1018.1,1017.3,11,16,0
6.1,23.5,0,17,0,6,79,40,1022.6,1020.7,13.3,22.4,0
15.4,19.8,3.6,46,11,28,95,86,1013.4,1008.7,17.1,18.6,1
10.8,18.5,17,37,11,20,72,40,1016.2,1017.6,14.4,18.4,1
5.1,17.9,0,15,4,9,78,49,1026.5,1023,10.4,16.9,0
5.9,21.1,0.2,22,0,9,84,46,1027.9,1024.1,11.7,20.6,0
8.9,14.5,3,39,17,22,84,51,1016.1,1015.5,9.3,14.5,1
3,15.6,0,43,9,20,77,47,1012.5,1014.8,10.7,13.2,0
3.1,17.7,0.2,15,7,7,99,46,1021.2,1017.1,5.7,17.1,0
1.4,18.5,0,28,0,7,86,39,1024.1,1021.3,6.6,18.4,0
2.1,16.5,0,13,0,4,88,44,1023.8,1020.4,6.8,16.1,0
10.2,14.9,10.4,26,7,7,88,99,1008.7,1005,13.5,12.8,1
5.7,16.6,0.2,11,0,9,92,59,1019.6,1018,9.7,16.5,0
9.4,15,28,26,9,11,99,89,1005.7,1002.8,12.1,14,1
3.1,18.4,0,19,0,11,82,53,1023.6,1019.4,8.7,18.1,0
1.7,10.2,0,17,7,11,99,84,1018.7,1015.8,5.1,8.9,0
-1,13.1,0,11,6,9,83,47,1031.8,1030.7,4.1,12,0
-0.3,12.8,0,11,2,9,92,65,1032.3,1028.3,3.4,12.4,0
1.5,15.5,0,52,4,9,91,73,1027.4,1022.1,7.4,13.5,0
3,12.2,2.2,24,7,13,88,70,1019.6,1018,6.9,10.9,1
3.5,16.5,0,20,0,7,89,52,1036.9,1032.9,7.2,15.5,0
6.2,12.1,10.2,35,4,4,86,71,1020.5,1020.5,7.6,11.1,1
-0.6,8.3,0,52,7,9,99,70,1022.7,1020.3,2.3,8.2,0
1,10.3,0,11,0,2,99,76,1030.5,1029.8,3.7,10,0
1.5,13.5,0,50,0,7,99,64,1026.9,1025.1,3,12.6,0
0,14.6,0,15,0,7,90,57,1030.9,1027.1,4.8,14.1,0
5,15.4,13.4,28,4,11,99,62,1020.6,1019.6,11.8,15.2,1
3.5,15.3,0.2,13,9,0,99,62,1024.3,1021,5.9,15.1,0
0.6,13.1,0,48,2,2,99,56,1028.7,1026.3,2.9,13,0
0.6,12.9,0,17,0,7,99,58,1029.3,1027.1,2.9,12.5,0
-0.5,13.8,0,19,0,11,89,51,1032.7,1030.7,4,12.4,0
2.5,14.3,0.2,20,4,2,99,58,1031.7,1029.1,4.5,13.8,0
-1.2,15,0.2,15,0,7,85,52,1036.1,1031.5,4,14.7,0
2.1,12.6,0,15,4,6,80,67,1027.8,1022.3,5.8,12.2,0
7.5,12.3,2.2,30,4,19,100,85,1013.7,1015.6,11.1,11.6,1
5.4,14.7,18.6,39,15,19,85,56,1019.5,1018.7,7.8,13.7,1
7.2,12.1,1.8,46,11,13,83,94,1004.5,1004.4,10.7,10.9,1
1.3,11.8,0.2,31,0,20,92,86,1016.9,1006.3,5,8.7,0
6.4,13.3,1.8,67,19,22,90,55,1013.2,1010.3,9.4,11.7,1
5.4,11.8,9.6,50,20,15,84,70,1003.1,1001,7.3,11.2,1
2.3,15.4,0,20,0,9,84,51,1028.9,1025.2,7.4,15.2,0
10,16.8,0.8,33,0,9,92,68,1016.5,1016,10.9,16.1,0
9.8,14.2,20.8,72,22,19,81,67,1011.7,1013.8,10.6,13.2,1
2.4,16.4,0,30,2,17,90,55,1022.7,1020.8,9,16.2,0
8.6,20.1,0,26,2,6,70,48,1025.8,1021.7,14.7,19.1,0
5.4,20.6,0,24,0,13,75,43,1020.5,1017.3,13.2,20.1,0
-0.1,14.6,0,28,9,17,59,45,1026.3,1023.7,9.5,14,0
4.1,17.4,0,20,7,11,71,42,1027.5,1024.6,9.9,16.5,0
10.1,25.9,0,24,7,9,78,52,1021.9,1019.5,16.3,23.8,0
7.3,15.9,10,46,20,26,64,42,1020,1020.7,10,15.5,1
8.8,23.5,0,33,7,20,80,35,1017.9,1015.6,14.8,23,0
10.2,22.3,1.6,35,11,17,81,46,1016.2,1015.4,15.6,21.6,1
10.2,18.9,1.2,35,6,19,79,52,1016.5,1013.8,12.5,17.5,1
7.1,20.3,0,44,11,24,73,51,1016.3,1014.7,12.1,20.2,0
10.7,18,0,35,9,26,63,49,1019.3,1018.2,14.4,16.9,0
7.5,22.9,0,31,15,6,59,42,1022.6,1018.6,14.4,20.9,0
11.6,27.7,0,46,7,11,69,47,1024.3,1021.4,18.4,26,0
15.5,29,0,46,7,17,76,45,1019.9,1015,21.5,28.2,0
17.5,31.3,0,41,20,26,60,41,1012.5,1008.7,24.4,30.4,0
21.1,26.9,0,61,13,24,63,78,1012.1,1011,24.4,24.8,0
14.8,29.4,0,31,22,17,49,34,1023.5,1020.5,23.2,28.4,0
18.9,27.6,0,44,7,15,47,57,1018.2,1017,23.9,25.7,0
16.7,23.9,12,24,11,9,72,73,1014.1,1013.3,19.6,20.6,1
16.1,26.6,0.6,50,9,11,70,90,1015,1013.3,21.3,19,0
21.3,29.8,0,43,24,26,50,44,1011.5,1008.8,25.5,29,0
16.7,22.5,0,46,13,26,59,38,1010.1,1008.7,19.1,21.9,0
11.2,24.3,0,43,17,24,59,35,1009.2,1004.5,15.6,22.8,0
10.3,25.9,0,46,6,26,62,31,1005.3,1002.1,17.7,24.1,0
19.3,29.1,0,35,15,24,60,72,1014.6,1009.9,23.2,23.4,0
9.1,26.7,0,37,17,11,49,35,1016.8,1014.2,15.1,24.7,0
13.5,31,0,30,19,13,57,28,1015.6,1012.8,21.9,29.6,0
14.8,34,0,41,9,24,55,25,1015.8,1013.3,21.7,33.5,0
23.2,35.8,0,26,13,9,46,29,1011.1,1009.2,26.8,32.8,0
20.1,32,35,37,19,11,68,40,1013.6,1010,24.1,31.2,1
22.1,30.6,14.2,41,6,28,86,59,1009.5,1006.5,24.4,29.5,1
12.9,27.2,0,28,6,9,64,43,1007.4,1005.9,17.9,25.5,0
17.8,32.5,0,37,9,6,60,40,1012.4,1009.9,24.9,32,0
19.8,34.6,0,43,13,13,60,37,1013.6,1010.3,25.3,33,0
14.9,32,0,28,4,15,60,30,1008,1006.6,21.1,30.3,0
12.6,32.3,0,28,13,9,56,20,1017.8,1015.9,20.6,30.6,0
14.5,32,0,35,7,9,59,32,1018.9,1017.2,21.5,30.2,0
20.5,39.8,0,61,6,28,57,16,1009,1005.2,27.2,38.8,0
21.9,33.7,0,41,17,20,77,49,1014.1,1011.1,25.4,32,0
22.5,28.2,2.6,81,4,9,80,99,1012.7,1011.1,24.8,23.4,1
10.8,25.5,0,26,15,7,58,40,1023.6,1019.5,14.5,23.9,0
16.4,28,0,24,7,9,69,40,1022.3,1018.6,20.5,26.7,0
18.9,22,0.2,31,0,13,80,85,1017.6,1016.1,20.7,20.6,0
19.3,30.7,0,52,13,15,68,51,1013.7,1010.3,22,30.4,0
12.3,25.2,0,69,15,9,53,43,1022.1,1020.5,15,23.2,0
17.9,30,11.8,20,7,11,85,55,1007.8,1003.7,20.4,28.5,1
10.6,26.6,0,31,4,9,73,42,1023.9,1019.2,16.2,25.8,0
18.7,20.8,13.4,22,9,13,92,95,1012.3,1011.9,19.8,19.6,1
13.3,27.4,0,24,13,15,74,43,1013.9,1010.6,17.4,26.7,0
13.9,28.1,0,57,13,9,71,46,1011.9,1008.4,19.4,27.4,0
13.9,22,8,44,13,19,90,64,1003.7,1003.8,15.7,20.7,1
7.2,22.1,0.2,24,0,7,83,47,1022.8,1021.5,11.6,21.4,0
4.4,18.1,0.2,24,0,6,70,42,1024.3,1022.3,10.8,17.8,0
3.4,15.9,0,17,0,9,96,57,1020.7,1016,6.2,15.7,0
3.8,16.1,0,44,7,24,60,43,1017.9,1016.8,11.4,15.6,0
0.2,10.1,0.4,24,4,4,94,89,1015.3,1013.8,4.1,8.6,0
3.8,14.3,1.8,35,20,19,82,46,1020.7,1021.8,6.8,13.6,1
8.9,15.6,3.6,26,15,7,85,65,1007.8,1008.2,10,14.8,1
3.6,15.9,0,26,0,11,76,51,1025.9,1023.2,8.7,15.8,0
2.9,14.6,0,33,13,17,89,51,1018.1,1016.2,7.2,13.7,0
-1.1,14,0,20,0,13,85,46,1021.3,1021.7,4.3,13.9,0
1,16.1,0,46,0,6,89,52,1023.6,1018.4,4.8,16,0
7.6,14.6,3.6,46,6,19,86,67,1015.4,1010.8,10.4,14.1,1
6.2,14.2,3.4,43,19,17,85,70,1020.2,1020.9,11,13.3,1
7.1,9.8,0,30,15,17,91,88,1021.6,1020.1,7.2,8.7,0
0.2,14.1,0,20,0,9,78,56,1031.3,1026.3,5.3,13.7,0
0.3,16.7,0.2,33,2,19,99,54,1021.5,1020.2,3.6,15.8,0
3.5,17.2,0,26,4,11,75,46,1022.2,1020,8.8,16.8,0
0.1,14.6,0,19,0,11,72,45,1024.7,1021.6,5.8,14.3,0
0.2,13.1,0,41,6,6,99,59,1031,1027.6,2.9,12.6,0
9.9,12.9,14.6,30,7,6,99,92,1019.4,1014.8,10.3,12.4,1
6.3,10.9,3.6,19,4,13,89,83,1009.3,1006.9,8.9,10.4,1
1.6,16.3,0,24,4,15,74,43,1020.7,1019.5,6.9,16.2,0
9,19.4,0.2,24,0,13,80,45,1020.8,1016.2,11.8,18.7,0
7.1,12.6,5.6,44,4,28,95,91,1011.8,1005.7,10.4,11.8,1
3.2,17.3,0,22,7,9,62,32,1031.5,1030.4,11.2,16.6,0
2.5,16.9,0,17,7,9,99,56,1037.3,1032.6,6.4,16.1,0
2.4,17.5,0,17,11,6,99,56,1031.4,1026.7,6.6,16.8,0
0.6,15.7,0,20,0,7,99,47,1024.3,1022.1,5.4,15,0
2.8,20.4,0,17,7,7,65,31,1028.4,1025.3,10.4,19.6,0
-0.1,14.4,1,30,0,17,78,44,1021.3,1020.2,7.3,13.7,0
4.4,20.8,0,24,6,7,78,50,1017.8,1013.9,9.8,19.3,0
3.7,21.7,0,26,7,20,78,52,1017.5,1011.8,12,21.5,0
10.1,13.6,1,61,31,22,73,70,1008.8,1011.2,12.2,12.9,0
8.2,13.5,3.8,26,9,11,85,80,1005.8,1007.1,10.5,13,1
4.1,19.3,0,24,6,4,74,47,1024.9,1021.9,10.5,19.1,0
10.2,16,0,13,9,4,87,80,1014.8,1012.6,13,15,0
11.1,21.4,4.2,41,7,7,88,53,1013.2,1010.1,13.3,19.9,1
8.7,21.8,0,33,4,24,79,50,1012.2,1009.5,13.5,21.3,0
10.3,25.5,0,43,4,19,77,53,1009.9,1007.5,17.1,23.7,0
9.1,18.7,0,50,24,33,58,34,1017.9,1020.5,12.7,17.3,0
11.3,24.7,0,35,6,11,77,47,1023.7,1022.7,17.9,23.6,0
11.7,30.9,0,24,2,11,66,27,1020.7,1015.4,18.3,30.3,0
16.7,25,1.2,44,9,20,91,63,1010.4,1009.9,18.4,24,1
9.9,20.1,0,50,17,28,74,54,1015.2,1015.6,13.1,19.1,0
9.8,29.6,0,35,11,17,72,36,1016.9,1012.5,18.5,28.7,0
13.8,32.9,0,50,7,15,63,44,1011.2,1006.4,21.7,27.1,0
15.8,28.5,5.4,30,4,17,83,47,1013.1,1011,21.4,27.5,1
16.1,28.3,0,46,19,30,49,31,1006.1,1008.3,25.2,27.6,0
11.9,29.3,0,37,2,19,65,29,1016.4,1014.5,18.9,28.4,0
15.1,31.9,0,31,9,11,66,36,1017.1,1013,22.9,30.5,0
8.1,23.5,0,33,4,19,54,36,1018.1,1014.3,17,22.6,0
15,20,11,,11,,99,,1020.1,,15,,1
15,29,0,46,9,6,62,37,1012.6,1009.5,20.8,27.7,0
17.8,25.1,0,37,7,9,72,58,1009.7,1005.8,20.1,24.3,0
15.8,28.3,12.2,37,9,19,94,55,1004.3,1000.7,18.3,25.6,1
10.9,26.7,0,35,2,11,63,43,1006.5,1004.4,18.3,25.6,0
12.6,24.6,0,43,15,13,49,36,1009.1,1008.1,19,24.5,0
13.4,29.9,0,24,13,7,60,37,1012.7,1011.3,20.9,28.6,0
20.5,32.5,0,35,7,9,60,41,1012.2,1011.7,24.5,30.4,0
13.3,30.6,0.4,35,6,17,59,23,1014.9,1011.6,20.9,29.2,0
11.7,33.4,0,31,15,9,47,19,1011.7,1007.5,21.6,30.7,0
12.7,24.6,3.8,43,20,28,56,33,1010.1,1009.4,16.5,23.3,1
10.8,24.8,0,50,17,30,57,30,1011.2,1008.7,17.9,23.5,0
13.3,29.4,0,31,19,15,49,26,1015.2,1012.6,19.5,27.7,0
16.1,30.7,0,31,9,15,64,55,1016.6,1014.7,21.2,25,0
20.1,36.2,0,35,9,19,58,23,1014.2,1010.2,25.3,34.4,0
18.5,35.3,0,48,11,11,56,28,1013.4,1010.7,24.9,33.5,0
17.5,36.4,0,28,9,7,38,24,1013.6,1010,24.4,34.9,0
19.9,35.4,0,39,17,9,50,29,1015.6,1011.3,24.7,33.6,0
15.1,27.9,9,43,17,19,61,33,1007.7,1008.2,19.1,26.2,1
10.9,28.1,0,35,9,11,63,29,1008.5,1006.5,16.9,25.9,0
13.8,27.4,3.6,43,9,30,78,43,1010.8,1008.1,18.7,22.9,1
11.5,27.8,0,35,9,11,69,42,1011.7,1009.2,16.6,25.1,0
14.7,31.4,0,26,15,11,60,34,1019.4,1016.4,21.1,30,0
16.9,28.3,0.4,30,7,13,83,63,1018,1017.2,18.4,23.6,0
13.5,28.9,1.4,31,11,7,72,36,1012.6,1010.6,19.3,27.7,1
19.5,24.8,0.6,24,7,11,74,69,1013,1011.1,20.5,23.5,0
17,25.8,36.6,48,13,24,60,46,1010.9,1011.3,19.1,25.2,1
18.8,19.6,0,52,7,15,62,92,1014.2,1011.1,19.3,17.1,0
16.7,24.8,66,35,9,20,100,65,1009.3,1010.4,19.1,23.1,1
15.8,23.2,0,52,22,30,49,42,1023.2,1020.2,17.7,22.3,0
17.2,30,9.6,41,2,24,79,44,1014.4,1010.8,20.8,28.5,1
12.4,28.4,0,30,7,15,74,47,1018.6,1013.1,17.6,26.9,0
8.9,19.7,0.4,37,17,22,79,54,1015,1015.4,11.1,17.5,0
11,26.5,0,22,6,9,81,44,1019.2,1016,15.1,25.5,0
12.9,29.9,0,30,9,13,75,41,1015.6,1012,18.4,29.1,0
12.7,28.5,0,19,2,7,78,51,1019.5,1016.4,19.6,27.8,0
10.1,20.4,0,43,20,19,59,41,1020.8,1018.8,14.1,19.9,0
8.2,26.2,0,19,6,11,79,36,1025.6,1022.3,15.5,25.8,0
14.6,22.7,34.2,19,7,2,100,62,1017.3,1014.7,15.7,21.9,1
7.3,17,1,39,26,22,81,63,1015.1,1013.6,9.8,16.8,0
5,17,0,19,6,11,95,63,1021.9,1019.4,9.5,16.7,0
4.6,18.4,0,26,4,11,97,47,1023.3,1020.7,10.2,17.8,0
4.4,19.9,0,30,6,11,79,50,1026.2,1022.8,10.4,19.4,0
7.6,16.3,0,30,17,22,94,89,1021.7,1019.5,14.2,15.8,0
3.5,15.7,0,28,2,19,87,56,1023.3,1020.4,8.6,14.9,0
4.1,13.3,0,17,7,13,100,71,1018.6,1017.8,6.9,12.6,0
5.5,20.3,0,28,0,13,91,49,1019.6,1016,9,20,0
7.2,17,0,26,4,7,92,72,1021.1,1019,11.7,16.3,0
1,14.7,0,35,6,19,84,53,1020.2,1018.1,8.2,13.3,0
2.3,16.7,0,13,0,7,100,51,1026.3,1022.7,5.7,15.5,0
2.6,17.8,0,17,0,7,97,59,1025.3,1022.5,7.2,16.6,0
7.8,17,0,24,4,11,82,96,1017.5,1015.2,10.9,11.8,0
5.7,13.7,3.6,31,9,9,84,72,1016.5,1012.6,9.7,13.4,1
-1,15.1,0,20,0,11,85,50,1020.9,1020.8,6,14.6,0
-0.3,15.9,0,15,0,7,84,52,1026.2,1022.2,5.7,14.5,0
0.2,15.2,0,13,2,7,85,60,1022.9,1019.7,6.3,15.1,0
-1.3,11.7,0,20,0,13,100,64,1023.5,1018.8,3,11.4,0
-1.7,10.6,0.8,24,4,17,100,68,1025.1,1025.3,0.3,10.4,0
5.5,15.5,3.8,35,0,19,100,68,1013.7,1008.8,9.9,14.8,1
0.6,11.7,4.6,39,0,19,100,68,1013.6,1011.6,4.3,11.1,1
3.7,9.6,3.8,26,7,9,100,91,1016.2,1014.7,6.5,8.2,1
-2.5,13.3,0,17,0,7,94,58,1034.4,1030.7,2.9,12.8,0
5.2,11.9,2.4,44,7,22,95,97,1020.8,1015.6,9.1,11.2,1
3.8,12.6,0,28,0,11,100,90,1015.7,1010.6,7.1,11.4,0
7.1,15.8,15.4,24,6,13,100,81,1009.3,1008.5,12.5,14.3,1
7.2,12.4,2.8,22,7,15,94,89,1028.6,1027.2,10.1,12,1
8.7,15.4,0.4,19,0,9,100,66,1026.2,1022.8,10.2,14.2,0
2.3,15.3,0,31,0,17,86,67,1028.7,1027.3,9.2,13.7,0
1.4,15.3,0,15,2,7,100,53,1033.1,1030.3,5.2,14.8,0
6.7,11.5,6.2,17,9,9,96,86,1013.2,1012.3,7.8,10.3,1
1.1,13.7,1.8,33,0,20,100,55,1025.9,1024.6,5.7,13.4,1
-1.3,13.9,0,20,0,9,80,47,1029.1,1025.5,4.8,12.4,0
-0.5,13.7,0.2,20,0,9,76,50,1025.4,1022.5,6,13.4,0
0.6,16.5,0,20,2,9,79,46,1028.4,1025.1,6.2,16.3,0
2.1,12.4,0,17,2,6,89,55,1024.6,1020.4,6.4,11.7,0
2.1,16.4,0,33,7,19,84,45,1020.1,1015.3,7.9,15.6,0
6.2,19.4,0,35,9,19,74,50,1012.6,1005.7,11.3,18.5,0
-0.2,14.3,0,19,7,7,100,59,1026.4,1023.2,4.6,13.9,0
1.2,15.3,0,20,2,11,87,55,1024.9,1019.9,7.6,14.8,0
2.9,17.6,0,48,9,17,72,48,1013.4,1007.7,10.8,17,0
-1.3,15,0.4,26,2,9,76,44,1025.8,1023.1,6.2,14.2,0
0,16.2,0,24,7,19,83,45,1025.7,1022.5,7.9,15.2,0
4.3,21.2,0,22,6,13,76,36,1023.5,1019.1,11.9,20.7,0
7.7,17.2,0.2,44,20,22,69,57,1009.5,1008.1,12.4,15.9,0
2.7,18.8,0,15,4,6,94,44,1025.9,1022,9.6,17.7,0
2.6,20.9,0,28,4,13,80,37,1021.2,1015.2,11.3,20.6,0
3,17.6,0,26,7,17,88,56,1021.6,1018.2,10.5,16.3,0
4.7,17.9,0,20,6,9,82,53,1019.8,1017.3,11.9,16.6,0
5,16.5,0,33,11,13,85,68,1017.4,1013.4,11.2,15.4,0
8.4,19.2,13.2,43,6,7,87,58,1017.8,1015.1,12.7,18.6,1
5.3,15,0,43,19,26,74,44,1015.8,1016.1,11,14.7,0
7.6,25.7,0,54,6,15,77,44,1014.5,1007.8,14.3,23.8,0
14.3,24.3,0,67,30,26,45,62,1000.8,1001.6,23.2,16.3,0
2.6,15.3,0.2,35,15,19,75,49,1021.8,1021.7,9.1,13.7,0
5.2,24.8,0,28,9,11,75,36,1027.7,1022.7,14.8,24,0
5.6,16.2,0,30,9,15,69,47,1011.6,1009.7,11.9,15.5,0
7.4,11.6,0.8,28,9,13,89,85,1007.5,1008,8.8,10.2,0
5,17.9,7.6,46,7,19,48,41,1015.5,1016.1,11.4,17.1,1
4,18.6,0,41,6,19,76,43,1022.1,1020.3,10.2,17.3,0
8.8,24.9,0,41,0,24,73,34,1011.7,1011.4,16.7,23.6,0
4.4,20.7,0,24,7,11,64,41,1027,1023.7,10.6,19.8,0
12.7,23.8,0,44,19,30,40,45,1009.7,1009.5,20.6,22.6,0
7.1,18.5,0,46,15,30,72,41,1012.1,1010.7,11.4,17.8,0
6.3,20.4,0,46,15,15,64,38,1018.2,1017.8,11.5,18.4,0
9,27,0,28,7,7,72,31,1022.1,1017.9,16.4,25.8,0
6.4,22.4,0,28,9,7,64,43,1016.6,1014.5,11.8,21.1,0
9.2,28.5,0,31,11,11,69,30,1018.1,1014.5,17.5,27.2,0
10.3,21.8,1.6,44,19,22,68,37,1017.5,1017.1,16,20.9,1
9,24.2,0,28,11,13,57,44,1015,1011.4,16.2,23.3,0
8.3,26.9,0,24,6,15,56,34,1022.2,1018.1,17.3,26,0
12.3,32.4,0,54,13,28,46,24,1015,1008.2,21.2,31.5,0
15.3,36.7,0,41,9,20,55,16,1013.9,1011.2,23.8,35.8,0
16.8,32.5,0.4,30,13,11,59,44,1014.3,1011.2,23.9,31.2,0
12.1,34.5,0,44,4,22,49,16,1012.8,1009.3,22.3,32.7,0
14.5,38.8,0,37,7,19,48,12,1007.6,1004.1,23,36.4,0
17,28.8,0,37,19,24,42,32,1007,1010.2,23.2,26,0
15.5,39.9,0,35,6,9,46,11,1009.4,1005,24.6,37.7,0
18.9,43.1,0,65,7,30,38,12,999.9,998.5,27,40.6,0
21.2,35.2,0,43,19,7,47,31,1009.7,1007,27.2,34,0
14.3,29.2,0,41,17,24,46,28,1021.8,1019,18.9,27.4,0
16.6,33.8,0,30,4,9,64,29,1018.5,1015.6,22,32.3,0
18.6,33,0,30,6,9,65,32,1019.8,1016,22.7,31.8,0
19.4,33.7,0,35,7,13,66,32,1019.2,1014.3,23.2,32.9,0
15.5,30.7,0,31,7,17,63,26,1011.3,1009.6,18.4,28.6,0
13.8,31.7,0,22,9,11,64,31,1015.6,1013,19.1,29.2,0
11.1,23,0.2,35,13,15,39,26,1018.3,1018.1,14.8,21.7,0
9.5,28.3,0,41,7,22,82,29,1016.9,1013.1,13.7,27.4,0
6.6,20.4,19.8,31,7,13,68,38,1021.1,1018.5,11.2,18.7,1
7,21.5,0.2,28,7,13,92,53,1017.9,1014.2,10.9,19.1,0
8.5,23.8,0,30,6,17,83,49,1018.6,1016.5,12.1,22.4,0
8.6,22.5,0,35,15,15,61,40,1021.5,1020.6,14.2,21.6,0
8.9,24.3,0,22,7,11,72,38,1028.2,1025.8,13.1,23.2,0
10.3,25.3,0,19,0,9,78,42,1030.1,1026.8,13,24.3,0
11.2,25.7,0,20,6,11,80,40,1027.7,1023.2,14.6,25.1,0
10.7,26.6,0,19,4,11,72,39,1027.3,1022.8,16.7,25.3,0
14.4,24.8,0,17,7,9,80,53,1013,1009.1,17.4,23.3,0
8.3,23.8,0,22,7,9,63,43,1015.2,1012.9,16.6,22.5,0
8.9,22.2,0,17,2,7,69,49,1016.9,1013.8,15.6,21.1,0
4,21.1,0,46,6,9,70,35,1016.3,1010.7,10.6,20.2,0
10.9,20,1.6,30,7,20,85,47,1014.2,1014.2,13.5,18.2,1
6,16.9,0,30,2,13,89,48,1020.8,1019.4,9.9,15.5,0
6,21.4,0,26,0,13,79,53,1024.8,1022,13.2,20.5,0
5.6,23.1,0,24,7,11,90,44,1023,1017.6,11.8,22.8,0
1.6,17.9,0,17,7,9,66,35,1025.8,1022.6,9.3,16.3,0
11.3,15.7,9.8,41,15,22,96,65,1015.3,1013.6,14,15,1
2.8,13.5,0,15,4,0,98,79,1014.1,1011.7,6.1,10.8,0
-0.2,16.3,0,22,0,11,100,57,1026.6,1024.8,4.6,15.8,0
1.3,12.8,0.2,9,0,6,100,81,1029.2,1026,5.5,12.4,0
1.9,14.5,0,11,6,4,100,69,1027.8,1025.3,5.5,13.8,0
5.8,15,0.4,22,2,13,100,65,1021.9,1019.6,8.5,14.8,0
8.5,16.9,1.2,39,19,20,95,64,1020.1,1021.5,12,15.1,1
3.1,13.8,0,13,0,7,100,80,1021.1,1019.6,7.8,13.2,0
4.9,11.8,15,28,13,6,100,100,1011.4,1008.4,10,11.5,1
10,13.4,16.8,28,7,13,,93,1007.1,1005.5,,12.3,1
1.2,15.4,0.2,17,4,7,93,51,1016.8,1016.7,5.7,14,0
0.3,10.4,0.2,11,0,2,100,83,1014.1,1011.9,4.5,10.2,0
3.1,15.5,0.6,15,2,11,100,63,1016.5,1016,7,14.5,0
0.8,14.5,0,24,0,7,89,52,1025.8,1024.1,4.7,13.9,0
0,14.1,0,15,4,7,97,50,1026.3,1022.5,3.7,13.6,0
2,13.1,0,26,0,7,84,85,1026.9,1023.2,7.8,10.6,0
7.8,17,1,39,19,17,56,51,1023,1020.9,12.8,16.8,0
-0.1,14.1,0,11,6,7,95,67,1024.3,1021.3,3.6,12.6,0
1.4,15.7,0,19,0,13,97,54,1028.2,1025.8,6.3,15.6,0
7.4,16,0.6,26,2,17,100,65,1025.8,1023.9,11.2,15.7,0
1.9,15.4,0.2,48,9,19,83,59,1016.4,1011.5,8.9,14.1,0
6.1,13,2.2,39,11,7,91,74,1028.1,1027.4,8.2,11.5,1
4.6,13.9,2.6,26,6,17,100,61,1033.4,1032.5,7.6,13.2,1
1.7,15.1,0,15,0,7,84,60,1035.2,1032,6.6,13.9,0
8,14,5,33,9,7,100,90,1025.2,1022.7,11.1,13,1
11.1,14.6,5,37,11,9,86,89,1022.1,1020.9,13.7,14,1
10.1,15.5,2.4,20,7,6,100,85,1024.6,1022.3,11.2,14.5,1
12.1,20.5,0,57,17,22,73,69,1019.1,1013.7,16.1,19.1,0
3.4,12.4,0.6,30,7,17,100,73,1023.7,1023.8,6.6,12.2,0
5,14.5,0,17,0,4,100,72,1025.8,1023.4,5.6,13.9,0
4.7,10.4,1.2,43,13,17,87,83,1018.6,1014.5,6.3,9.3,1
3.4,11.5,0.4,28,7,11,94,89,1014.4,1010.7,7.6,10.2,0
2.1,16.2,0,57,9,26,100,45,1021.4,1012.2,6.4,16.1,0
1.5,10.7,9.8,35,17,22,86,63,1017.6,1016.2,4.8,9.8,1
2.2,11,0.2,28,11,11,94,67,1018.4,1015.5,6.4,10.4,0
6.4,11.9,4.2,44,15,17,89,85,1012.6,1010.6,8.7,10.7,1
8.6,12.3,8.8,44,22,19,94,94,1011.6,1011.9,10.1,11.4,1
9.8,20,2.8,57,11,26,84,51,1018.8,1011.4,15,19.4,1
6.1,20.7,0.2,20,7,6,88,45,1022.3,1020.8,12.5,20.2,0
7,23.8,0,15,0,7,74,42,1031.7,1029.4,13.6,23.4,0
7.5,23.7,0,54,7,17,82,51,1031.8,1026.8,15,22.7,0
12.5,17.5,0,50,15,24,80,54,1008.1,1006.8,14.1,17.4,0
2.4,15.4,0,46,0,24,81,50,1016.4,1014.8,9.7,15.3,0
2.6,14.7,0,26,7,15,67,50,1018.9,1015.3,7.9,13.2,0
6.4,19.3,0.8,28,4,15,73,53,1015.1,1013,12.9,17.4,0
3.7,20.3,0.2,50,13,7,84,48,1018.6,1014.6,11.7,19.3,0
6.1,23.9,0.2,31,7,17,77,47,1011,1006,14.2,23,0
14.2,22.3,0,39,4,22,63,47,1004.4,1005.2,16.9,21.5,0
2.6,18.5,3.6,22,9,13,74,43,1020.8,1015.5,10.7,18.2,1
3.7,20,0,26,4,13,75,51,1018.6,1015.6,11.6,19.7,0
6.8,16.5,1,43,24,28,64,48,1016.3,1017.8,11.3,16,0
3.2,18.9,0,20,7,9,74,48,1024,1019.7,10.6,18.2,0
5.6,20.6,0,31,4,19,69,48,1016.6,1016.1,13.4,19.7,0
5.6,24.3,0,28,9,15,83,45,1019.9,1015.2,11.9,23.2,0
4.6,15.5,2.2,44,15,24,77,49,1018.4,1018.5,8.1,13.7,1
3.6,24.7,0,28,11,13,75,26,1027.2,1021.7,12.7,23.7,0
10.8,27.6,0,33,7,9,64,45,1013.7,1012.1,18.8,26.6,0
13.3,18.2,2.6,46,17,20,90,87,1008.4,1010.5,13.8,14.6,1
9.4,22.6,0,46,24,17,54,48,1009.6,1011.3,17.9,19.9,0
6.3,25.2,0,28,4,19,70,28,1021,1018.8,14.9,24.3,0
6.9,29.6,0,31,7,13,58,13,1021.7,1016.1,16.8,28.7,0
17.7,30.9,0,48,2,30,62,23,1006.4,1002.9,22.3,30,0
10.5,21.3,0,43,20,24,52,50,1018,1015.8,14,19.4,0
8.6,26.1,0,50,9,19,58,29,1008.1,1005.7,16.5,24.5,0
9,27.5,0,26,17,7,41,16,1018.9,1017.1,16.2,24.9,0
9.9,30.4,0,33,20,13,46,23,1022.9,1019.8,20.6,29.1,0
10.1,17.5,29.4,56,20,28,90,60,1000.8,1001.3,10.1,14.6,1
7.7,26.1,0,44,7,13,63,28,1020.9,1018.3,15.5,24.8,0
18.1,30.4,0,50,6,22,56,31,1006.2,1001.4,22.1,29.2,0
10.9,24.5,0,43,20,19,43,33,1010,1008.8,17.5,22,0
9.9,27.6,0,35,2,24,55,22,1012.6,1009.8,17.7,26.4,0
11.2,30.2,0,37,6,22,47,29,1012.9,1010.5,19.6,28.9,0
15.8,32.9,0,43,7,7,51,28,1018.1,1015.1,23.2,31.5,0
19.2,39.7,0,37,20,11,34,17,1018.3,1013.5,29.9,39.2,0
23.7,40.5,0,54,19,33,40,12,1012,1008,26.9,38.8,0
14.9,30.8,0,52,7,11,61,28,1013.4,1008.7,22.4,29.8,0
11.7,30.9,0,41,11,9,50,18,1014,1010.4,20.3,29.3,0
10.4,31.4,0,43,7,22,43,14,1013.3,1011.5,19.7,30.5,0
12,27.4,0,43,11,20,56,38,1011.1,1008.6,20.3,25.9,0
13.1,25.6,0,46,24,19,46,28,1006.8,1005.7,16.8,24.2,0
9.8,27.5,0,41,17,13,43,23,1019.5,1016.4,16.7,25.2,0
16.9,29,0,31,17,15,48,38,1020.8,1019.1,21.1,26.8,0
21.7,42.6,0,33,11,19,37,11,1012.7,1007.9,29.6,41.5,0
16.2,34.5,0,31,17,11,45,23,1020,1014.8,22.4,32.1,0
20.1,23.4,2.8,41,20,15,84,86,1010.8,1006.7,20.5,20.7,1
20.6,39.7,0,35,9,15,49,17,1015.3,1012,26.6,37.2,0
21.8,41.7,0,44,9,13,50,16,1011.8,1008.3,28.6,40.8,0
20.7,41.1,0,28,7,15,43,14,1010.1,1006.7,27.5,39.7,0
16.6,33.7,0,31,19,9,46,27,1018.4,1013,20.1,30.5,0
18.4,40.1,0,33,7,17,49,13,1014.9,1011.4,25.3,38.3,0
18.8,42,0,63,7,24,31,10,1014.7,1010.4,29.4,40.8,0
18.6,36.8,0,28,15,15,46,19,1015.2,1012.3,23.5,35.1,0
17,36.2,0,19,6,11,54,24,1013.8,1011.4,22.2,34.4,0
18.1,32.3,0,83,6,30,63,31,1000.7,996.2,23.5,30.1,0
11.6,22.8,1.6,46,13,24,80,30,1010.1,1011.4,13.6,21.4,1
13.1,31.4,0,20,6,9,53,32,1021.4,1018.1,19.1,29.9,0
14.8,34.6,0,54,2,20,63,23,1014.3,1008.9,20.6,32.1,0
17,27.2,8.8,50,0,7,94,54,1020.9,1018,18.5,25,1
15.8,30,0,20,11,9,83,36,1020.5,1018.4,19,27.9,0
14,31.5,0,24,7,13,62,33,1021.3,1017.4,19.3,29,0
18.6,34.3,0,50,0,19,59,27,1021.2,1017.2,22.5,33.2,0
19,30.1,2.8,31,6,19,90,33,1017.9,1015.2,20,29.1,1
14.4,31.9,0,37,0,24,68,18,1015.5,1011.7,18.9,31,0
12.6,31,0,63,6,24,59,28,1009.8,1004.5,17.7,28.8,0
9.4,25.1,0,37,7,13,77,47,1016.4,1015.1,14.9,23.2,0
10.3,32.5,0,24,0,9,59,31,1025.6,1020.6,16,30.4,0
10.6,20.7,0,24,7,9,78,49,1017.3,1017,13.8,19.9,0
13.8,27.3,2.4,31,9,20,79,45,1021.1,1019.6,17.2,26.3,1
17.6,25.8,0.4,20,6,7,92,56,1016.1,1013.1,19.2,25.2,0
14.6,28.3,0,19,0,11,90,51,1019.8,1016.7,17.2,27.2,0
13.8,28.5,0,24,2,9,86,46,1017.2,1014.2,17.7,27.5,0
14.9,19.6,9,48,11,9,95,88,1019,1017.7,14.9,17.7,1
16.4,24,66.2,30,7,15,100,68,1007.2,1005.8,17.5,23.7,1
13,21,0,30,17,15,57,43,1021.6,1019.2,16.2,20.6,0
7,22.4,0,24,4,9,75,47,1022,1019.3,13.9,21.9,0
4.3,18.1,0.4,30,7,13,70,47,1019.8,1016.7,10.4,17.5,0
12.3,22.5,1.6,31,6,13,82,52,1017.3,1013.9,16.6,21.8,1
5.3,22.5,0,22,2,11,71,51,1021.6,1015.4,11.2,22.4,0
7.9,15.1,0.4,39,24,22,77,53,1006.7,1009.2,9.9,13.5,0
9.6,16.4,0.2,24,7,13,97,56,1023.8,1021.8,11,15.7,0
3.3,17.8,0,17,0,7,74,61,1026,1021.7,8.9,17.5,0
6.1,18.5,0,15,2,11,99,62,1028.2,1025.3,10.7,18.1,0
6.6,20.2,0,15,6,7,85,61,1030.2,1027.9,12.9,20,0
6.5,19.5,0,11,0,7,87,66,1029.7,1026.2,12.9,19.2,0
8.5,18.9,0.2,19,2,13,,72,1023.5,1019,,18.5,0
8.8,22.2,0.2,19,6,7,,71,1022.6,1018.7,,21.2,0
8.8,17.5,0.4,13,6,2,100,64,1025,1023.5,11,16.5,0
5.5,18.7,0,22,4,7,98,67,1024.2,1019.4,10,18.1,0
11.4,13.8,0.6,30,15,15,89,82,1019.3,1019,11.6,13.6,0
1,14.9,0,30,2,13,89,54,1030.5,1028.9,6,14.4,0
1.2,18,0,19,7,11,82,54,1032.1,1029.7,5.8,17.7,0
6.6,16.4,1,35,4,17,100,53,1015.4,1015.4,6.7,16,0
5.7,12.2,8.6,67,24,35,95,70,1004.1,1002.1,5.8,11.7,1
4.9,11.1,1,48,9,11,100,80,1027.8,1028.2,7.8,10.5,0
4.8,10.7,0,19,6,6,100,77,1018.4,1016.5,6.6,10.6,0
7.1,11.3,0.4,28,9,13,91,86,1021,1019.5,7.7,9.9,0
6,14.2,7.8,20,9,15,100,69,1014,1013.2,9.6,13.3,1
8.1,12.4,2,50,26,22,86,56,1013,1011.7,8.9,11.6,1
-2.1,13.7,0,13,0,6,90,50,1029,1026.6,2.5,13.3,0
0.3,13.2,0,15,2,6,100,58,1027.5,1024.1,3.4,12,0
4.2,13.6,0.2,20,4,9,100,77,1025.4,1023.9,6.7,13.2,0
2.7,15,0.2,24,0,17,100,66,1022.5,1018.4,4.8,14.4,0
4.7,8.7,1,54,13,19,85,81,1010.3,1010.4,5.9,6.7,0
-2.8,13.5,0,24,6,13,94,56,1035.9,1032.6,2.2,13,0
0.1,10.5,0.2,11,2,2,100,81,1035,1031.5,3.7,10,0
1.7,14.2,0,17,4,4,100,64,1031.6,1027.5,6.6,14,0
5.5,14.6,0,39,2,24,95,49,1023.3,1022.3,9,13.3,0
-1.3,12,0.2,20,6,2,81,41,1029,1027.3,4.6,11.5,0
-1.7,14.1,0,22,9,7,65,35,1032.5,1030.1,5.2,12.7,0
2.6,18.5,0,15,4,7,77,46,1032.6,1028.5,9.2,17.8,0
2.5,19.3,0,17,6,9,79,52,1029.6,1025.3,9.2,18.7,0
2.3,18.8,0,20,0,15,79,52,1027.4,1022.9,10,18.5,0
3.3,18.8,0,19,0,9,72,41,1031.2,1027.8,10.1,17.9,0
2.2,20.3,0,24,9,11,77,41,1031.4,1026.2,10.4,19,0
11.7,18.4,0.2,78,20,17,66,82,1013.2,1006.8,15.1,15.9,0
1.7,17.4,0,22,2,7,73,41,1025.9,1023.9,9.9,16.5,0
2.6,19.3,0,17,7,7,77,51,1026.7,1022.4,10.2,17.7,0
3.2,20.1,0,33,9,19,100,47,1022,1018.4,8.9,18.1,0
4.8,20.7,0,28,7,17,81,46,1017.6,1012.2,12,19.7,0
7.8,19,0,37,13,11,68,64,1009.7,1008.4,13.6,18.1,0
5.3,16.3,0,41,17,28,64,43,1022.7,1021.6,10,15.7,0
8.6,28.3,0,31,2,11,83,39,1016.9,1013.4,12.9,26.5,0
12.9,29.9,0,72,6,15,73,27,1013.3,1006.9,16.3,29.4,0
5.1,18.6,0,43,2,26,69,48,1021.1,1020,11.5,17.9,0
7.6,23.6,0,19,0,11,82,49,1018.5,1014.8,11.5,22.7,0
8.2,30.3,0,48,6,22,67,32,1013.9,1007.5,16.1,29.3,0
7.3,18.1,3.2,41,11,17,87,61,1013.5,1015.7,9.6,13.9,1
14.5,32.1,0,31,2,15,70,31,1017.6,1013.6,20.3,31.5,0
16.9,32.9,0,46,15,26,44,25,1014.4,1010.4,25.1,32.1,0
11.9,32.4,0,20,4,13,62,30,1016.1,1011.8,19.8,31.7,0
6.4,19.9,1,41,15,22,62,47,1015.2,1013.8,11.9,18.6,0
7.6,24.4,0,28,11,13,59,32,1018.8,1015.6,13.2,22.9,0
9.1,33.8,0,39,7,7,60,19,1012,1005.2,17,31.9,0
5.8,24.4,0,24,9,11,65,20,1024.4,1021.2,13.4,22.8,0
12,26,0,41,6,24,71,34,1013.3,1012.1,15.8,25.1,0
7.8,25.8,0,30,9,13,62,25,1015.5,1013,15.7,24.7,0
17.5,24.3,0,37,6,15,61,37,1008.9,1008.9,19.2,23.6,0
14.6,21.1,24.4,52,28,33,89,52,1004.5,1007.3,14.6,20.1,1
8.3,22.4,0.2,33,17,20,59,41,1015,1014.7,16.1,21.9,0
9.4,26.6,0,31,6,15,64,25,1018.7,1016.9,16.2,24.6,0
17.3,36.2,0.6,41,9,26,64,25,1011.3,1008.7,23.3,35,0
19.8,26.6,0,69,11,17,52,81,1012.5,1008.9,25.6,22.3,0
20.6,32.7,0,44,20,17,49,36,1011.2,1006.8,24.9,31.1,0
17.5,30.2,13.4,37,7,13,80,48,1011,1007.2,22.1,29.4,1
13.9,27.7,1.4,37,6,22,74,42,1007.5,1007,20.9,26.4,1
15,29.7,0,33,7,20,72,37,1012.4,1007.5,19.7,28.2,0
15.8,27.4,1.4,54,17,33,64,52,1009.7,1010.6,20.4,21.4,1
17.5,35.5,0,43,11,11,47,50,1012.9,1010,25.7,26.4,0
18,33.7,0.4,57,7,22,66,30,1011.3,1008.6,25.1,31.5,0
15.1,25.7,0,43,24,15,42,23,1012.4,1012.1,16.6,24.3,0
12,27,1.4,46,20,26,47,30,1009.9,1008.6,17.3,25.1,1
15.5,39.6,0,56,9,9,45,12,1016,1012.4,25.6,38.2,0
26,33.1,0,41,7,7,46,37,1013.6,1012.1,27.4,30.9,0
20.5,36.1,0,39,9,13,54,25,1019.1,1016,27.3,34.6,0
20.4,26.4,5.4,30,9,20,94,65,1009,1007.4,20.8,25.5,1
11.4,28.4,0,41,7,20,63,31,1010.2,1007.4,17.7,26.7,0
12.1,28,0,37,4,11,56,28,1012.8,1011,19.1,26.7,0
14.7,28.6,0,28,20,9,45,28,1013.3,1010.5,18.8,27.2,0
14.4,31.1,0,59,17,19,50,34,1009.7,1005.5,23,29,0
18.1,28.8,8.4,35,6,11,75,49,1009.8,1009.2,20.7,26.8,1
20.2,36,0,63,13,13,56,33,1007.6,1002.8,26.2,34.4,0
20.1,30.8,15.8,28,0,13,76,46,1005.4,1002.8,24.3,29,1
13.8,28.5,0,43,11,11,62,34,1009.4,1007.6,19.1,27.5,0
13.6,29.8,0,33,7,11,54,36,1020.2,1016.1,20.2,28.2,0
15.7,33.1,0,33,13,13,58,35,1026.1,1022.1,22.4,31.2,0
20.4,36.1,0,31,19,17,53,23,1019.9,1017.2,23.7,34.8,0
18.3,34,0,30,6,15,54,35,1021.8,1018.7,23.9,31.8,0
20.3,35.8,0,81,9,13,62,30,1020.5,1016.5,25.8,34,0
18.3,32,0,31,7,6,69,34,1022.9,1019.4,23.1,30.7,0
18,33.1,6,35,7,20,79,36,1018.6,1015,22.2,31.5,1
19,33.3,0.2,30,7,11,67,29,1016.6,1013.4,23.7,32.3,0
17.6,30.3,0.2,24,7,9,60,44,1014.3,1010.8,21.6,28.9,0
18.1,35.1,0,37,9,20,65,16,1008.4,1004.9,20.7,34.3,0
16.5,32,0,30,6,15,59,33,1014.5,1011.9,19.8,30.2,0
10,25.2,0,30,2,15,74,48,1012.6,1010.3,15,22.3,0
10.9,29.5,0,37,0,15,64,25,1013.1,1011.4,17.6,27.8,0
9.3,31.7,0,39,7,19,58,19,1017.4,1013.3,15,30.6,0
16.6,28.3,2.8,41,9,22,78,40,1004.9,1004.6,20.1,27.6,1
7.9,24.6,0,52,6,6,70,34,1017.3,1014.5,13.1,24,0
5.8,25.8,0,24,0,9,63,27,1023.8,1021.3,11.6,25.1,0
15.5,24.3,0.6,28,0,11,85,42,1012.7,1007.5,17.9,23.7,0
10.9,22.3,4,37,15,9,63,30,1017.2,1018.3,14.6,21.8,1
7.3,22.1,0,31,7,15,53,36,1024,1021.1,14.6,21.2,0
8.3,25.5,0,20,11,9,64,35,1022.7,1018.8,15.4,24.7,0
12.7,24.2,3,39,9,13,85,62,1022.1,1019.3,16.1,22.5,1
3.6,18.5,0,22,0,6,77,38,1027.3,1025.1,11.1,17.8,0
5.5,20.5,0,65,6,35,86,36,1005.9,1005.2,11.9,17.6,0
6.7,14.7,0.2,35,19,19,84,58,1021.1,1019.3,9.7,13.2,0
10.4,14.3,2.8,72,19,30,87,83,1009.6,1005.4,10.6,12.6,1
9.9,18,9.2,50,26,28,97,52,1011.9,1013.2,12.4,16.4,1
2.6,15.8,0,26,13,17,84,55,1029.9,1028.7,7.6,15,0
3.2,18.9,0,44,0,2,86,53,1037.4,1033.5,8.8,18,0
2.4,18,0.2,20,7,6,99,54,1036.6,1032.2,8.6,17.4,0
2.3,19.2,0,13,0,4,99,47,1031.8,1025.8,6.6,18.5,0
6.1,15,0,17,4,9,85,65,1020.9,1019.7,11.5,14.8,0
5.7,14.7,0.2,20,0,17,100,74,1025.2,1022.3,8.8,14,0
2.6,13.3,6.4,17,9,9,86,59,1022.1,1022.6,7.1,12,1
1,16.7,0.2,44,0,17,100,54,1024.7,1020,4.3,16.4,0
-0.8,15.2,0.2,13,0,6,95,58,1035.6,1031.7,5.4,14.6,0
9.9,11.1,22.4,15,0,0,100,100,1016.2,1015.6,10.4,10.7,1
-1.2,11.3,0,13,0,7,99,74,1030,1026.4,3.7,10.6,0
8.2,13.4,1,17,11,7,100,76,1026.1,1026.8,8.8,12.2,0
1.8,14.3,0.2,11,7,6,100,69,1034,1032,4.6,13.9,0
0.4,15,0,15,7,6,99,66,1034.3,1030.1,3.3,12.8,0
2.9,10.6,0,19,6,6,99,68,1029.5,1026.1,5.3,10.1,0
3.6,10,0,17,0,9,84,70,1019.2,1017.8,8.2,9.7,0
3.3,14.2,1.8,24,6,13,94,69,1020.4,1017.2,9,13,1
5.9,13.7,2.8,50,24,30,78,64,1008.2,1009.1,11.3,11.8,1
4.4,6.8,10,30,13,11,96,93,1016.6,1017.1,4.7,6.4,1
-1.4,11.5,0.2,31,6,20,88,66,1019.1,1019.3,3.6,10.4,0
-1.5,13,0,13,4,9,83,52,1034.7,1032.1,3,12.4,0
-0.3,15.9,0,28,0,19,95,56,1032.4,1026.3,4.6,15.2,0
0.7,9.5,0,26,11,15,87,70,1029.1,1029.3,3.3,9.2,0
1.4,13.8,0,26,0,13,86,67,1036,1033.5,6.3,12.5,0
1,12.2,0,17,9,2,99,73,1035.6,1031.2,4.5,11.2,0
7.5,11.7,2.6,52,26,26,85,51,1017.7,1018.6,8.3,11,1
-2.4,8.6,1.4,30,6,19,85,55,1025.1,1021.9,2.5,7.7,1
1.3,14,0,44,2,9,99,64,1026.2,1023.3,5.1,13.3,0
8.8,11.7,15.2,35,9,11,87,91,1020.7,1022.3,10.1,9.7,1
6.1,14.9,1,43,11,20,94,63,1020.8,1018.6,7.9,14.1,0
0.7,17.5,0.2,41,6,26,80,50,1026.6,1024.4,7.1,16.8,0
3.7,17.9,0,35,4,24,77,45,1021.2,1020.5,10.9,17.5,0
6.2,16.3,0.2,41,20,20,68,36,1021.8,1022,10.7,15.3,0
6.9,27.1,0,26,6,11,71,35,1032.4,1026.1,16.3,26.6,0
10.1,31,0,26,0,13,70,28,1024.5,1021.4,16.3,30.3,0
12,24.3,0,30,4,17,63,32,1027.6,1028.4,14.6,23.3,0
10.2,23.1,0,17,7,11,66,53,1035.2,1032.2,14.8,20.6,0
13.2,29.7,0,35,11,15,63,37,1027.7,1024.4,19,28,0
8.7,24.2,0,39,19,13,60,45,1022,1020,16,22.9,0
10,27.1,0.4,22,7,11,74,44,1025,1021.8,16.7,26.4,0
11.3,31.8,0,54,2,7,64,31,1019.4,1013.7,18.7,30.3,0
13.6,25.3,0,48,26,17,41,30,1024.1,1021.9,15.8,23.8,0
12.3,26.8,0.2,41,13,15,65,35,1015.6,1014.1,18.2,26.1,0
14.7,28.7,0,35,15,22,63,47,1015,1011.4,20.9,27.2,0
15.2,25.1,4.2,39,6,17,90,59,1008.7,1006.9,18.2,24.4,1
9.2,25.7,0,22,11,7,60,32,1020.9,1018.3,15.2,24.3,0
12.4,25.9,0,31,22,20,48,33,1018.3,1015.9,17.4,23.6,0
11.6,26.7,0,24,7,11,59,36,1019.8,1016.4,18.4,25.5,0
13.3,33.5,0,41,7,20,56,21,1013,1011,22.3,32.3,0
17.8,34.3,0,56,6,24,46,28,1009.4,1006.7,27.3,32.9,0
9.6,28.3,0,30,13,11,58,31,1017.7,1013.1,19.1,27.2,0
9.9,26.7,0,41,9,20,54,27,1013.6,1012.5,18.3,25.7,0
8.1,28.3,0,30,9,7,57,25,1017.3,1012.7,16.5,26.7,0
12.2,27,0,37,6,19,52,27,1013.2,1010.2,20.3,25.6,0
13.4,32,0,24,7,11,46,25,1024.4,1020,21.6,30.2,0
17.9,36.5,0,33,7,17,45,16,1018.1,1014,25.5,34.5,0
15.3,27,0,57,20,33,48,22,1008.7,1006.4,20.7,25.9,0
19.7,41.5,0,63,28,41,18,13,1008.3,1002.3,33.7,39.5,0
17,30.3,0,43,17,11,53,36,1020.6,1016.8,21.2,28.1,0
15.3,31.6,0,28,15,13,51,26,1017.9,1013.7,22.3,29.5,0
13.2,32.3,0,31,7,11,47,28,1022.2,1018.3,21.3,29.8,0
15.7,34.3,0,26,7,7,47,20,1018.1,1014.9,23.4,33.1,0
16.7,35,0,28,11,9,52,24,1018.6,1015.5,24.2,33.1,0
17.8,37,0,41,9,17,54,17,1016.6,1012.6,26.2,36.2,0
17.7,39.2,0,56,9,7,46,13,1011.6,1007.5,26,37,0
20.6,38.9,0,56,6,24,40,18,1010.8,1009.8,28.1,37.6,0
26.8,30.2,0,50,9,24,50,39,1010.5,1015.5,27.2,21.4,0
10.7,29.4,0,35,13,9,45,19,1027.4,1022.9,17.8,27.3,0
23.4,33.9,0,39,13,7,23,24,1010.1,1009.3,30.2,31.5,0
14.4,29.7,0.2,22,7,7,69,37,1006.2,1003.2,20.7,28,0
19.8,25.8,0,31,6,13,67,74,1002.8,1004.4,22.4,22.6,0
17.3,35.2,0,28,6,9,53,23,1013.1,1010.4,23.3,33.6,0
22.3,30.3,0,44,15,20,53,27,1008.9,1008.2,23.4,28.9,0
12.7,30.5,0,28,9,13,63,32,1009.8,1006.8,18.5,28.7,0
13.9,32.9,0,44,7,20,64,24,1011.4,1009.7,19.9,31.1,0
13.6,34.4,0,33,9,11,60,22,1023.6,1020.5,19.8,33.5,0
20.1,39.5,0,41,11,20,46,19,1017.7,1013.3,26.5,38.4,0
17.4,38.5,0.2,24,6,9,56,22,1019.7,1016.7,24.8,36.5,0
20.1,38.3,0,30,7,11,56,14,1020.1,1017.2,25.6,37,0
18,35.1,0,37,7,22,59,21,1016.8,1013.7,22.5,33.8,0
20.4,31.8,0,33,17,15,54,35,1018,1015.4,23.2,30,0
16,31.1,0.4,26,6,11,64,35,1015.5,1010.3,20.5,28.8,0
19.8,21.1,10.4,74,22,37,98,55,996,1000.3,20,19.9,1
11,26.5,0,31,6,9,67,34,1019.4,1015.6,15.8,24.9,0
10,27.1,0,30,0,13,81,31,1018.6,1017.1,14.2,25.4,0
11.7,27.8,0,30,0,15,74,31,1017.4,1014,15.3,26.9,0
13.8,26.2,0,35,0,11,69,27,1017.7,1014.9,16,25.5,0
11.8,20.4,0.8,33,0,15,71,66,1017.5,1016.1,15.9,17.9,0
9.5,25.5,0,19,4,11,83,42,1018.9,1016.4,13,23.1,0
9.2,27,0,28,0,17,81,22,1018.1,1015,13,26,0
9.7,28.8,0,20,11,9,59,35,1022.2,1016.5,17.3,27.1,0
10.5,31.8,0,35,9,22,65,23,1017,1011.9,18.8,31,0
11.4,19.7,0,17,0,9,66,64,1023,1021.8,13.7,16.7,0
4.8,23.1,0.4,24,6,19,70,33,1023.7,1020.2,12.9,22.9,0
8.4,24.7,0,22,2,9,63,39,1022.9,1019.7,15.4,24.3,0
10,28.7,0,24,4,11,63,27,1028.5,1024.2,16.9,28.2,0
11.7,25.4,0,30,0,15,68,39,1021.7,1017.9,17.1,25.1,0
10.6,25.7,3.8,28,9,11,72,36,1021.8,1017.9,16.5,24.8,1
12.8,23.6,3.6,31,7,13,97,46,1022.6,1019.9,16.5,23,1
7.1,24.9,0,20,0,7,63,28,1031.4,1028.1,13.1,23.9,0
6.1,25.4,0,17,0,9,66,31,1030.5,1025.7,14.2,24.4,0
6.4,26.6,0,39,6,17,62,35,1026.6,1020.5,14,25.1,0
11.7,28.5,0,28,0,13,70,32,1022.9,1018.9,15.7,27.4,0
12.1,26.9,0,59,2,7,68,92,1019.2,1017.5,17.3,17.6,0
13.6,20.2,0.2,24,15,6,82,58,1024,1022.8,15.9,18.8,0
8,17.3,0,24,4,11,80,57,1020.6,1018,12.6,16.3,0
8.3,17.3,0,39,0,17,82,63,1019.7,1016.5,12.1,16.4,0
4.8,14,1.2,35,7,15,86,58,1008.5,1007.2,8,13.7,1
1.8,15.9,0,19,0,13,88,50,1031.1,1027.3,6.6,15.6,0
3.3,18.1,0,13,0,6,85,51,1027.9,1024.2,8.4,17.3,0
11.4,15.7,7.2,48,17,13,80,78,1005.5,1006.7,14.2,13.5,1
-0.6,13.8,0.2,17,0,6,88,59,1039.9,1036,4,13.4,0
0.9,11.4,0.2,15,7,6,100,70,1034.8,1030.5,3.5,11,0
4.1,15.9,7.6,24,13,9,97,83,1014.7,1013.5,12.9,14.8,1
8.1,14.3,0.2,44,2,9,99,74,1017.7,1010.8,10,13.9,0
6.6,8.2,4,48,28,26,87,85,1004.8,1007.6,7,7.5,1
5.2,11.4,11.4,26,9,7,96,76,1019,1021.4,7.3,11.1,1
7.2,12.5,0.4,17,0,11,88,86,1027.7,1026.4,9.3,11.6,0
7.9,12.7,0.2,20,6,13,100,82,1027.5,1024.7,9.7,12.6,0
4.4,12.8,0,20,4,6,90,66,1032.9,1030.6,8.4,12.2,0
8.5,17.3,0,13,6,7,100,70,1020.9,1019.5,10.7,16.7,0
6.2,16.8,0.4,15,11,7,100,96,1020.1,1015.6,10,13.8,0
9.9,18.2,6.8,56,31,22,92,99,1003.6,999.5,16.8,12.7,1
1.4,15.1,0.2,30,9,7,76,48,1029,1027.9,7.6,14.8,0
4.7,16.6,0.2,22,6,11,81,56,1029.6,1028.1,10,16,0
9.3,16.4,0,52,30,24,58,80,1012.9,1009.7,15,13.2,0
8.4,13.9,0.2,31,11,19,91,79,1016.8,1013.9,9.5,10.6,0
7.7,15.1,0.6,26,20,13,82,66,1023.7,1025.4,10.8,14,0
4.4,15.9,0,24,4,13,93,63,1031.3,1029.1,10.4,14.7,0
8.3,13.6,10.8,39,17,22,88,72,1008.5,1011,10,12.8,1
4.8,15.9,0,33,7,17,73,52,1014.8,1011.9,10.6,15.2,0
11.1,14.8,20.6,56,9,24,89,59,993.7,993.1,11.8,13.9,1
8.4,13.7,16.2,48,2,31,98,84,992.9,995.7,9.8,11.9,1
7,21.6,0,30,6,15,72,55,1021.4,1020.3,13.6,20.3,0
9,23.8,0,30,6,15,86,49,1019.6,1016.4,15.4,23,0
11.8,22.1,0,28,13,7,83,57,1016.6,1016.8,14.5,20.3,0
4.7,16.2,2.6,37,13,17,73,48,1020.6,1020.6,10,15.9,1
3.3,17.6,0,33,6,11,67,48,1022.7,1020.1,10.8,16.1,0
3.6,19,0,28,11,13,67,44,1021.3,1018.1,10.8,18.2,0
12.7,24.6,0,37,15,13,52,42,1013,1011,18.6,23.3,0
7.5,23.3,0,24,11,11,65,48,1018.7,1015.9,14.4,21.9,0
8.8,29.4,0,50,4,31,70,22,1010.3,1003.7,15.8,28.2,0
11.6,24.9,0,37,6,22,64,43,1006.9,1008,18.1,24.2,0
11.7,16,1.8,56,19,22,87,88,999.4,997.5,13,12.3,1
11.3,20.9,18.8,46,22,20,80,60,1005.9,1007.7,13.7,19.1,1
8.9,26.3,0,19,4,9,74,22,1021.1,1019.6,16.8,25,0
11,29.3,0,35,11,13,73,34,1022,1018.2,18.7,27.9,0
21.6,26.6,0,37,11,11,51,45,1013.5,1013.1,23.9,25.8,0
11.4,29.2,0,33,9,15,56,28,1014.1,1010.5,20.6,28.2,0
12.8,30.8,0,39,4,24,61,22,1009.3,1009.4,20.5,29.9,0
13.8,31.2,0,37,7,20,58,19,1013.8,1012,21.2,29.8,0
11.7,33,0,31,7,15,57,24,1020.7,1016.4,20.6,31,0
20.4,26.9,0.4,35,6,20,65,40,1008.2,1010.2,23.1,24.1,0
13.8,29.8,0,33,17,11,51,28,1013.8,1011.3,19,28.1,0
16,22.7,5.2,22,7,11,93,66,1010.7,1007.8,17.3,21.6,1
14.1,31.4,0,22,13,11,47,29,1016.9,1013.3,21.3,30,0
17.5,34,0,48,20,11,49,69,1013.6,1011.7,27.8,23.5,0
15.5,31.6,0,39,9,24,63,25,1005.1,1004.1,23.4,31.4,0
19.1,36,0,24,6,13,67,35,1010.6,1007,23.2,32.2,0
14.5,35,0,20,6,9,57,20,1010.6,1007.5,22.4,32.8,0
16.7,32,0,44,6,7,64,48,1003.2,1000,21.9,28.2,0
14.9,33.3,0,24,20,13,52,29,1011.3,1006.5,20.8,31.5,0
23.2,32.6,0,50,20,24,71,34,1008.8,1009.9,25.6,31.7,0
15.8,34.2,0,26,9,9,56,25,1014.7,1012,22.1,32,0
16.8,38.5,0,39,7,20,50,12,1015.3,1012.3,24.3,37.1,0
16.4,42.5,0,72,2,33,46,9,1009.7,1004.7,23.5,40.9,0
12,33.6,0,30,9,9,63,20,1015.1,1012,18.3,30.8,0
18.9,33.1,5.2,30,20,11,66,42,1017.1,1015.4,21.8,31.4,1
20,35.8,0,39,17,19,49,33,1020.1,1016,24.9,33.6,0
20,21.2,1.4,50,19,26,72,57,1003.3,1007.2,20.6,16.5,1
10,25.6,1,43,19,24,57,39,1011,1010.2,15.3,23.7,0
11.5,28.6,0,24,11,11,57,26,1016,1013.8,17.5,26.1,0
15.4,30.3,0,31,20,11,51,35,1019.4,1016.4,19.5,28.9,0
17.7,34.5,0,35,7,15,58,31,1018.1,1014.5,23.3,32.5,0
18.5,32.1,0,54,11,30,51,36,1018.4,1016,24.4,31.2,0
12.4,29.5,0,22,0,9,57,33,1019.3,1015.8,18.9,27.3,0
11.9,30.3,0,33,6,19,67,30,1018.6,1014.9,17.2,28.1,0
16.7,33.8,0,44,9,24,60,30,1018.5,1013.6,22.9,33,0
15.6,30.3,0.2,19,6,9,86,44,1015.5,1012.7,19,29,0
12.3,26,3.2,30,0,7,74,32,1014.3,1012.4,15.7,25,1
10.5,28,0.2,28,0,17,76,30,1012.5,1008.2,13.9,26.7,0
11.7,21.3,0,39,15,19,68,49,1011.8,1011.8,13.7,19.1,0
9.1,24.2,0,19,0,7,63,34,1027.6,1022.5,15,23.1,0
9.3,24.8,0,17,4,7,64,31,1026,1022.5,15.8,23.7,0
8.7,25.4,0,26,0,13,68,33,1027.8,1023,15.2,24.8,0
9.1,24.2,0,31,9,13,73,52,1023.9,1018,15.7,22.5,0
5.9,21.3,0.2,28,9,17,81,44,1021.7,1019.7,13.2,21.1,0
8.4,24.1,0,20,2,7,76,45,1024.9,1021.1,15.1,23.3,0
6.4,21.4,0,19,7,11,75,42,1021.6,1018.6,13.4,20.8,0
8.6,24.8,0,20,6,15,71,42,1022.6,1019.2,14.9,24.5,0
11,26.9,0,22,2,15,68,40,1025.8,1023.6,18.1,25.6,0
9.6,24.6,0,17,7,9,78,49,1030.1,1026.3,16.2,24.3,0
14.8,19.7,17.2,19,4,13,100,77,1026.2,1023.2,15.6,19,1
15.4,20.4,9.6,35,9,17,100,76,1009.5,1006.5,16.3,20.1,1
2.4,16.7,0.2,31,4,17,71,41,1020.7,1019.2,9.6,16.2,0
6.8,19.9,0,17,6,4,99,61,1023.6,1020.1,10.8,18.4,0
7.1,19.1,0,17,6,7,96,59,1018.9,1015.8,12,18.1,0
2.4,17.9,0,20,2,7,66,37,1029.4,1027.7,8.6,16.6,0
3.9,19.9,0,15,0,6,100,48,1026.4,1023.6,7.9,19.7,0
4.2,16.4,0,17,2,9,100,64,1027.2,1024,7.6,16.2,0
4.7,19.6,0,17,4,7,90,50,1020.3,1016.9,10,18.9,0
5.9,17.4,0.2,50,2,9,100,71,1025,1021,9,17.1,0
4.4,19.6,0,24,0,11,100,71,1021.2,1016.6,9.9,18,0
4.2,14,0.2,20,0,11,100,76,1023.6,1022,8.8,13.5,0
9,14.3,7,44,11,20,93,80,1010.8,1010.3,11.1,11.3,1
6,9.4,0.4,24,7,7,96,100,1024.4,1022,6.7,9.3,0
-0.4,13.3,5.2,13,0,7,100,53,1031.2,1030.4,2.9,12.3,1
-0.6,15.8,0,20,6,13,81,48,1027.2,1025.9,6.3,15.5,0
1.1,15.2,0,13,0,0,100,66,1029.9,1029.7,4.4,14.1,0
1.4,16.6,0,13,4,6,100,60,1031.1,1026.5,6.6,16.3,0
3.3,15.9,0.2,17,0,6,100,67,1031.3,1029.8,6.6,15.4,0
2.1,14.7,0,17,0,9,100,73,1029.4,1026.4,7,13.8,0
1.2,14.9,0.2,11,4,2,100,66,1030.6,1027.2,3.4,14,0
1.2,15.2,0.4,15,0,2,100,62,1029.4,1026.7,2.9,14.3,0
0.8,13.4,0,17,6,0,100,66,1029.4,1025.9,3.6,13.3,0
3.9,10.9,0,28,6,0,88,82,1020.5,1018.8,6.4,8.8,0
13.3,34.2,0,61,11,,67,,1005.6,,21,,0
17.7,31.2,0,39,9,15,62,43,1018.7,1013.6,22,30.6,0
15.3,40.3,0,63,6,30,69,19,1010.1,1004.6,23.3,39.8,0
11.9,26,0.2,37,4,13,63,43,1017.2,1013.2,18,24.2,0
14.6,34.5,0.4,50,7,15,50,22,1013,1007.5,21.4,33.9,0
10.3,28.7,0,37,0,9,58,28,1022.1,1018.8,19.9,27.6,0
11.3,33.5,0,35,9,19,63,18,1019.4,1013.9,19.9,30.3,0
20.3,36.1,0.2,43,6,24,63,44,1009.4,1006.5,28.2,33.3,0
20.8,40.7,0,72,6,31,61,15,1005.2,1003,29.3,39.6,0
18.7,28.4,0,33,7,15,61,39,1020,1017.8,20.9,27.7,0
19.7,31,0,35,7,19,65,55,1019.7,1018.5,22,29.1,0
16.3,35.7,0,35,6,15,83,34,1018.7,1014.6,21.6,34.1,0
19.5,33.4,0,41,7,26,67,42,1010.9,1009.6,24.1,29.3,0
20.4,40.1,0,46,9,26,65,36,1011.2,1006.8,26.6,37.1,0
16.6,19.4,2,46,2,9,92,93,1011.9,1010.5,17.7,19.3,1
14.3,20.3,4.2,37,20,17,78,69,1018.2,1019.2,17,19.3,1
14.6,18.1,21.2,30,19,15,94,92,1023.6,1019.9,15,16.5,1
15,21.9,36,41,15,17,91,82,1015.7,1014.6,17.8,21.9,1
17,27.4,9.8,33,24,15,89,61,1011.1,1008.8,19.3,24.9,1
17.4,31.3,0.2,43,9,19,76,40,1011.8,1009,21.8,30.8,0
19.5,28.5,0.2,35,0,22,84,59,1016.9,1013.9,21.1,27.9,0
12.7,32,0,30,0,17,81,44,1010,1005.9,17.7,30.8,0
17.6,28.4,0,35,0,17,78,52,1011.1,1010.1,21.6,27.3,0
19.7,24.6,0,57,0,7,88,48,1008.6,1008.9,21,22.5,0
9.4,25.8,0,43,22,17,44,24,1010.1,1008.3,18.6,24.8,0
17.4,25.1,0,37,13,22,80,66,1018.5,1018.8,20.4,23.7,0
16.9,25.9,0.8,35,4,22,96,55,1022.2,1020.8,19.6,25,0
15.1,28.8,0,70,0,15,96,62,1015.2,1010.1,18.8,27.2,0
11.9,27,0,30,6,6,50,31,1012.2,1007.9,17.5,26,0
11.8,30,0,43,0,9,92,50,1016.7,1013.4,17.1,28.5,0
14.7,29.7,0,31,7,11,90,48,1018.1,1015.8,18.5,29.1,0
14.7,26.5,0,33,6,22,99,61,1019.4,1016.8,17.3,25.2,0
15.6,32.4,0,33,2,19,97,35,1018.3,1015.1,19.8,32,0
18.1,26.8,4,33,4,22,99,63,1021.4,1016.6,19.8,25.9,1
15.5,23.7,0,31,7,17,67,61,1020.2,1014.2,19,22.9,0
11.7,21.3,0.2,31,19,17,73,60,1021.2,1019.5,17.8,20.1,0
8.9,23.9,0,26,6,9,61,37,1015.4,1011.6,16,23.6,0
11.7,23.2,0,28,17,6,67,49,1020.8,1018.1,18.4,22.6,0
13,18.6,3.2,44,24,15,90,82,1021.9,1019.9,14.6,16.3,1
13.2,20.4,2.4,43,20,17,85,85,1023.9,1021.7,16.1,17.3,1
